Stalker killed Zergling;X_LDUltraman lost 1 units, 0.5 supply.X_LDAt 0:03:55. X_LDX_LD==DarkWarrior== X_LD-Kill(s): Stalker killed Zergling,   X_LD-Combat: A-move,  X_LD-Non-combat: Right Click(2),  X_LDControl group(s) used: X_LD7: Main base, Natural,  X_LDX_LD==Ultraman==    X_LD-Non-combat: Build Creep Tumor, Right Click(7),  X_LDControl group(s) used: X_LD5: Main base, Natural, 3rd base, ;Battle;Battle:1;0:03:55;Common;1;0;1;0.5;0:03:55;;;;;;;;;;;;
VoidRay killed Overlord;X_LDUltraman lost an Overlord.X_LDAt 0:04:11. X_LDX_LD==DarkWarrior== X_LD-Kill(s): Void Ray killed Overlord,    X_LD-Non-combat: Right Click(3), Build Robotics Facility,  X_LDControl group(s) used: X_LD7: Main base, Natural, X_LD6: Stargate, Robotics Facility,  X_LDX_LD==Ultraman==    X_LD-Non-combat: Right Click(2), Build Hatchery,  X_LDControl group(s) used: X_LD5: Main base, Natural, 3rd base, ;Battle;Battle:2;0:04:11;Common;1;0;1;0;0:04:11;;;;;;;;;;;;
Queen killed Phoenix;DarkWarrior lost 1 units, 2 supply.X_LDAt 0:05:08. X_LDX_LD==DarkWarrior==     X_LDControl group(s) used: X_LD7: Main base, Natural, 3rd base,  X_LDX_LD==Ultraman== X_LD-Kill(s): Queen killed Phoenix,    X_LD-Non-combat: Build Creep Tumor, Build Extractor,  X_LDControl group(s) used: X_LD5: Main base, Natural, 3rd base, 4th base, ;Battle;Battle:3;0:05:08;Common;1;1;0;2;0:05:08;;;;;;;;;;;;
Immortal killed Zergling;X_LDUltraman lost 1 units, 0.5 supply.X_LDAt 0:06:39. X_LDX_LD==DarkWarrior== X_LD-Kill(s): Immortal killed Zergling,    X_LD-Non-combat: Right Click(2), Build Gateway,   X_LDX_LD==Ultraman==    X_LD-Non-combat: Right Click(6),  X_LDControl group(s) used: X_LD5: Main base, Natural, 3rd base, 4th base, X_LD3: Queen(3), ;Battle;Battle:4;0:06:39;Common;1;0;1;0.5;0:06:39;;;;;;;;;;;;
Zerglings died;X_LDUltraman lost 2 units, 1.0 supply.X_LDFrom 0:06:42 to 0:06:44. X_LDX_LD==DarkWarrior== X_LD-Kill(s): Immortal killed Zergling(2),   X_LD-Combat: A-move,  X_LD-Non-combat: Right Click(4),  X_LDControl group(s) used: X_LD6: Stargate, Robotics Facility(2), Warp Gate(4),  X_LDX_LD==Ultraman==    X_LD-Non-combat: Spawn Larva, Right Click(3),  X_LDControl group(s) used: X_LD5: Main base, Natural, 3rd base, 4th base, X_LD3: Queen(3), ;Battle;Battle:5;0:06:42;Common;2;0;2;1.0;0:06:44;;;;;;;;;;;;
Zealots Void Rays Sentrys Zerglings Queens Roachs died near 4th base;DarkWarrior lost 7 units, 18 supply.X_LDUltraman lost 27 units, 25.5 supply.X_LDFrom 0:06:57 to 0:07:15. X_LDX_LD==DarkWarrior== X_LD-Kill(s): Immortal killed Zergling(11), Zealot killed Zergling(8), Immortal killed Queen, Immortal killed Roach(6), Stalker killed Queen,   X_LD-Combat: A-move(3),  X_LD-Non-combat: Right Click(33),   X_LDX_LD==Ultraman== X_LD-Kill(s): Zergling killed Zealot, Queen killed Void Ray(2), Roach killed Zealot(3), Queen killed Sentry,   X_LD-Combat: A-move(4), Queen Transfusion(5),  X_LD-Non-combat: Right Click(22),  X_LDControl group(s) used: X_LD3: Queen(3), X_LD5: Main base, Natural, 3rd base, 4th base, ;Battle;Battle:6;0:06:57;Common;34;7;27;43.5;0:07:15;;;;;;;;;;;;
Stalker killed Zergling near 4th base;X_LDUltraman lost 1 units, 0.5 supply.X_LDAt 0:07:22. X_LDX_LD==DarkWarrior== X_LD-Kill(s): Stalker killed Zergling,   X_LD-Combat: A-move(2),  X_LD-Non-combat: Right Click(4),  X_LDControl group(s) used: X_LD6: Stargate, Robotics Facility(2), Warp Gate(4), X_LD7: Main base, Natural, 3rd base,  X_LDX_LD==Ultraman==    X_LD-Non-combat: Right Click(2),  X_LDControl group(s) used: X_LD5: Main base, Natural, 3rd base, 4th base, ;Battle;Battle:7;0:07:22;Common;1;0;1;0.5;0:07:22;;;;;;;;;;;;
Immortal killed Roach near 4th base;X_LDUltraman lost 1 units, 2 supply.X_LDAt 0:07:35. X_LDX_LD==DarkWarrior== X_LD-Kill(s): Immortal killed Roach,    X_LD-Non-combat: Right Click(6),   X_LDX_LD==Ultraman==  X_LD-Lost: Spore Crawler,  X_LD-Combat: A-move,   X_LDControl group(s) used: X_LD5: Main base, Natural, 3rd base, 5th base, X_LD3: Queen(2), ;Battle;Battle:8;0:07:35;Common;1;0;1;2;0:07:35;;;;;;;;;;;;
Zealots Zerglings Banelings Roachs Mutalisks died near Natural;DarkWarrior lost 5 units, 10 supply.X_LDUltraman lost 41 units, 23.5 supply.X_LDFrom 0:08:43 to 0:08:57. X_LDX_LD==DarkWarrior== X_LD-Kill(s): Photon Cannon killed Zergling(8), Stalker killed Zergling(6), Baneling killed Baneling(9), Immortal killed Zergling(10), Zealot killed Zergling(4), Immortal killed Baneling(2), Zealot killed Roach, Stalker killed Mutalisk,  X_LD-Lost: Photon Cannon, Pylon,  X_LD-Combat: A-move(4),  X_LD-Non-combat: Right Click(27), Warp In Zealot,  X_LDControl group(s) used: X_LD6: Stargate, Robotics Facility(2), Warp Gate(4),  X_LDX_LD==Ultraman== X_LD-Kill(s): Baneling killed Zealot(4), Ravager killed Zealot,   X_LD-Combat: A-move(2), Ravager Corrosive Bile(2),  X_LD-Non-combat: Right Click(23),  X_LDControl group(s) used: X_LD5: Main base, Natural, 3rd base, 5th base, 6th base, Hatchery, ;Battle;Battle:9;0:08:43;Common;46;5;41;33.5;0:08:57;;;;;;;;;;;;
Stalker killed Overseer;X_LDUltraman lost an Overseer.X_LDAt 0:09:00. X_LDX_LD==DarkWarrior== X_LD-Kill(s): Stalker killed Overseer,    X_LD-Non-combat: Build Pylon(2), Right Click,   X_LDX_LD==Ultraman==    X_LD-Non-combat: Spawn Larva(4), Right Click,  X_LDControl group(s) used: X_LD5: Main base, Natural, 3rd base, 5th base, 6th base, Hatchery, X_LD3: Queen(2), ;Battle;Battle:10;0:09:00;Common;1;0;1;0;0:09:00;;;;;;;;;;;;
Stalker killed Overseer;X_LDUltraman lost an Overseer.X_LDAt 0:09:13. X_LDX_LD==DarkWarrior== X_LD-Kill(s): Stalker killed Overseer,    X_LD-Non-combat: Build Gateway,  X_LDControl group(s) used: X_LD6: Stargate, Robotics Facility(2), Warp Gate(4),  X_LDX_LD==Ultraman==    X_LD-Non-combat: Right Click(5),  ;Battle;Battle:11;0:09:13;Common;1;0;1;0;0:09:13;;;;;;;;;;;;
Zerglings died near 3rd base;X_LDUltraman lost 28 units, 14.0 supply.X_LDFrom 0:09:31 to 0:09:42. X_LDX_LD==DarkWarrior== X_LD-Kill(s): Archon killed Zergling(15), Void Ray killed Zergling(5), Photon Cannon killed Zergling(5), Stalker killed Zergling(2), Zealot killed Zergling,   X_LD-Combat: A-move(2), Battery Overcharge,  X_LD-Non-combat: Right Click(11), Warp In Zealot(2),  X_LDControl group(s) used: X_LD5: Cybernetics Core, Forge, X_LD6: Stargate, Robotics Facility(2), Warp Gate(6), X_LD7: Main base, Natural, 3rd base, 4th base,  X_LDX_LD==Ultraman==    X_LD-Non-combat: Right Click(28), Build Extractor,  X_LDControl group(s) used: X_LD5: Main base, Natural, 3rd base, 5th base, 6th base, Hatchery, ;Battle;Battle:12;0:09:31;Common;28;0;28;14.0;0:09:42;;;;;;;;;;;;
Stalker killed Overseer;X_LDUltraman lost an Overseer.X_LDAt 0:09:51. X_LDX_LD==DarkWarrior== X_LD-Kill(s): Stalker killed Overseer,    X_LD-Non-combat: Right Click(3), Build Robotics Bay,  X_LDControl group(s) used: X_LD6: Stargate, Robotics Facility(2), Warp Gate(6),  X_LDX_LD==Ultraman==   X_LD-Combat: A-move(2),  X_LD-Non-combat: Right Click(3),  X_LDControl group(s) used: X_LD5: Main base, Natural, 3rd base, 5th base, 6th base, Hatchery, ;Battle;Battle:13;0:09:51;Common;1;0;1;0;0:09:51;;;;;;;;;;;;
Queens Zerglings died near 4th base;X_LDUltraman lost 5 units, 5.5 supply.X_LDFrom 0:10:03 to 0:10:05. X_LDX_LD==DarkWarrior== X_LD-Kill(s): Stalker killed Queen(2), Archon killed Zergling, Stalker killed Zergling(2),  X_LD-Lost: Photon Cannon,   X_LD-Non-combat: Warp In Zealot, Right Click(4),  X_LDControl group(s) used: X_LD6: Stargate, Robotics Facility(2), Warp Gate(6),  X_LDX_LD==Ultraman==   X_LD-Combat: A-move,  X_LD-Non-combat: Right Click(11), Spawn Larva(4),  ;Battle;Battle:14;0:10:03;Common;5;0;5;5.5;0:10:05;;;;;;;;;;;;
Zealots Banelings Queens died near Natural;DarkWarrior lost 1 units, 2 supply.X_LDUltraman lost 2 units, 2.5 supply.X_LDAt 0:10:08. X_LDX_LD==DarkWarrior== X_LD-Kill(s): Baneling killed Baneling, Zealot killed Queen,    X_LD-Non-combat: Warp In Zealot, Right Click(14), Warp In Stalker,   X_LDX_LD==Ultraman== X_LD-Kill(s): Mutalisk killed Zealot,  X_LD-Lost: Hatchery,   X_LD-Non-combat: Right Click(8), Spawn Larva(5),  X_LDControl group(s) used: X_LD5: Main base, Natural, 3rd base, 5th base, 6th base, Hatchery, ;Battle;Battle:15;0:10:08;Common;3;1;2;4.5;0:10:08;;;;;;;;;;;;
Zealots Stalkers Mutalisks Zerglings Roachs Overlords died near Natural;DarkWarrior lost 10 units, 20 supply.X_LDUltraman lost 43 units, 41.0 supply.X_LDFrom 0:10:14 to 0:10:30. X_LDX_LD==DarkWarrior== X_LD-Kill(s): Ravager killed Mutalisk(5), Stalker killed Zergling(5), Void Ray killed Zergling, Zealot killed Zergling(9), Immortal killed Roach(5), Archon killed Zergling(4), Immortal killed Zergling(6), Stalker killed Roach, Void Ray killed Roach, Photon Cannon killed Zergling, Zealot killed Roach, Void Ray killed Overlord, Photon Cannon killed Mutalisk, Stalker killed Overlord(2),  X_LD-Lost: Warp Gate, Cybernetics Core, Pylon(2), Photon Cannon(2),  X_LD-Combat: A-move(2),  X_LD-Non-combat: Right Click(25),  X_LDControl group(s) used: X_LD6: Stargate, Robotics Facility(2), Warp Gate(6), X_LD7: Main base, Natural, 3rd base, 4th base,  X_LDX_LD==Ultraman== X_LD-Kill(s): Mutalisk killed Zealot, Ravager killed Zealot, Mutalisk killed Stalker(5), Roach killed Zealot(3),  X_LD-Lost: Extractor(2),  X_LD-Combat: A-move(4), Ravager Corrosive Bile,  X_LD-Non-combat: Right Click(32),  X_LDControl group(s) used: X_LD5: Main base, Natural, 3rd base, 5th base, 6th base, ;Battle;Battle:16;0:10:14;Common;53;10;43;61.0;0:10:30;;;;;;;;;;;;
Roachs died near Natural;X_LDUltraman lost 2 units, 4 supply.X_LDFrom 0:10:33 to 0:10:34. X_LDX_LD==DarkWarrior== X_LD-Kill(s): Immortal killed Roach(2),  X_LD-Lost: Warp Gate,   X_LD-Non-combat: Right Click(12),  X_LDControl group(s) used: X_LD7: Main base, Natural, 3rd base, 4th base,  X_LDX_LD==Ultraman==    X_LD-Non-combat: Right Click(12),  ;Battle;Battle:17;0:10:33;Common;2;0;2;4;0:10:34;;;;;;;;;;;;
Zerglings Roachs died near Natural;X_LDUltraman lost 3 units, 3.0 supply.X_LDFrom 0:10:37 to 0:10:38. X_LDX_LD==DarkWarrior== X_LD-Kill(s): Immortal killed Zergling(2), Stalker killed Roach,  X_LD-Lost: Warp Gate, Forge,  X_LD-Combat: Nexus Mass Recall,  X_LD-Non-combat: Right Click(3),  X_LDControl group(s) used: X_LD7: Main base, Natural, 3rd base, 4th base, X_LD6: Stargate, Robotics Facility(2), Warp Gate(6),  X_LDX_LD==Ultraman==   X_LD-Combat: A-move, Ravager Corrosive Bile,  X_LD-Non-combat: Right Click(9),  X_LDControl group(s) used: X_LD5: Main base, Natural, 3rd base, 5th base, 6th base, ;Battle;Battle:18;0:10:37;Common;3;0;3;3.0;0:10:38;;;;;;;;;;;;
Warp Gate Research;DarkWarrior completed Warp Gate Research at 00:04:24;Upgrade;Upgrade:1;00:04:24;DarkWarrior;;;;;;;;;;;;;;;
Charge;DarkWarrior completed Charge at 00:07:27;Upgrade;Upgrade:2;00:07:27;DarkWarrior;;;;;;;;;;;;;;;
Protoss Ground Weapons Level 1;DarkWarrior completed Protoss Ground Weapons Level 1 at 00:09:51;Upgrade;Upgrade:3;00:09:51;DarkWarrior;;;;;;;;;;;;;;;
Zergling Movement Speed;Ultraman completed Zergling Movement Speed at 00:03:36;Upgrade;Upgrade:4;00:03:36;Ultraman;;;;;;;;;;;;;;;
Zerg Melee Weapons Level 1;Ultraman completed Zerg Melee Weapons Level 1 at 00:07:02;Upgrade;Upgrade:5;00:07:02;Ultraman;;;;;;;;;;;;;;;
Glial Reconstitution;Ultraman completed Glial Reconstitution at 00:07:29;Upgrade;Upgrade:6;00:07:29;Ultraman;;;;;;;;;;;;;;;
Zerg Ground Armors Level 1;Ultraman completed Zerg Ground Armors Level 1 at 00:07:45;Upgrade;Upgrade:7;00:07:45;Ultraman;;;;;;;;;;;;;;;
Centrifical Hooks;Ultraman completed Centrifical Hooks at 00:08:59;Upgrade;Upgrade:8;00:08:59;Ultraman;;;;;;;;;;;;;;;
overlordspeed;Ultraman completed overlordspeed at 00:09:08;Upgrade;Upgrade:9;00:09:08;Ultraman;;;;;;;;;;;;;;;
Zerg Flyer Weapons Level 1;Ultraman completed Zerg Flyer Weapons Level 1 at 00:09:45;Upgrade;Upgrade:10;00:09:45;Ultraman;;;;;;;;;;;;;;;
Zerg Melee Weapons Level 2;Ultraman completed Zerg Melee Weapons Level 2 at 00:09:48;Upgrade;Upgrade:11;00:09:48;Ultraman;;;;;;;;;;;;;;;
Zerg Missile Weapons Level 1;Ultraman completed Zerg Missile Weapons Level 1 at 00:10:21;Upgrade;Upgrade:12;00:10:21;Ultraman;;;;;;;;;;;;;;;
Pylon;;Building;Building:1;00:00:43;DarkWarrior;Pylon;;;;;;;;;;;;;;;;
Assimilator;;Building;Building:2;00:01:10;DarkWarrior;Assimilator;;;;;;;;;;;;;;;;
Warp Gate;;Building;Building:3;00:01:30;DarkWarrior;Warp Gate;;;;;;;;;;;;;;;;
Cybernetics Core;;Building;Building:4;00:02:09;DarkWarrior;Cybernetics Core;;;;;;;;;;;;;;;;
Assimilator 1;;Building;Building:5;00:02:16;DarkWarrior;Assimilator;;;;;;;;;;;;;;;;
Pylon 1;;Building;Building:6;00:02:18;DarkWarrior;Pylon;;;;;;;;;;;;;;;;
Natural 1;;Building;Building:7;00:02:55;DarkWarrior;Natural;;;;;;;;;;;;;;;;
Stargate;;Building;Building:8;00:03:16;DarkWarrior;Stargate;;;;;;;;;;;;;;;;
Warp Gate 1;;Building;Building:9;00:03:27;DarkWarrior;Warp Gate;;;;;;;;;;;;;;;;
Assimilator 2;;Building;Building:10;00:03:33;DarkWarrior;Assimilator;;;;;;;;;;;;;;;;
Pylon 2;;Building;Building:11;00:03:55;DarkWarrior;Pylon;;;;;;;;;;;;;;;;
Pylon 3;;Building;Building:12;00:04:19;DarkWarrior;Pylon;;;;;;;;;;;;;;;;
Robotics Facility;;Building;Building:13;00:04:30;DarkWarrior;Robotics Facility;;;;;;;;;;;;;;;;
Pylon 4;;Building;Building:14;00:04:50;DarkWarrior;Pylon;;;;;;;;;;;;;;;;
Robotics Facility 1;;Building;Building:15;00:04:59;DarkWarrior;Robotics Facility;;;;;;;;;;;;;;;;
Pylon 5;;Building;Building:16;00:05:11;DarkWarrior;Pylon;;;;;;;;;;;;;;;;
3rd base 1;;Building;Building:17;00:05:40;DarkWarrior;3rd base;;;;;;;;;;;;;;;;
Warp Gate 2;;Building;Building:18;00:06:00;DarkWarrior;Warp Gate;;;;;;;;;;;;;;;;
Forge;;Building;Building:19;00:06:02;DarkWarrior;Forge;;;;;;;;;;;;;;;;
Warp Gate 3;;Building;Building:20;00:06:04;DarkWarrior;Warp Gate;;;;;;;;;;;;;;;;
Twilight Council;;Building;Building:21;00:06:07;DarkWarrior;Twilight Council;;;;;;;;;;;;;;;;
Pylon 6;;Building;Building:22;00:06:32;DarkWarrior;Pylon;;;;;;;;;;;;;;;;
Photon Cannon;;Building;Building:23;00:06:32;DarkWarrior;Photon Cannon;;;;;;;;;;;;;;;;
Photon Cannon 1;;Building;Building:24;00:06:41;DarkWarrior;Photon Cannon;;;;;;;;;;;;;;;;
Assimilator 3;;Building;Building:25;00:06:49;DarkWarrior;Assimilator;;;;;;;;;;;;;;;;
Pylon 7;;Building;Building:26;00:06:52;DarkWarrior;Pylon;;;;;;;;;;;;;;;;
Photon Cannon 2;;Building;Building:27;00:06:59;DarkWarrior;Photon Cannon;;;;;;;;;;;;;;;;
Photon Cannon 3;;Building;Building:28;00:07:00;DarkWarrior;Photon Cannon;;;;;;;;;;;;;;;;
Warp Gate 4;;Building;Building:29;00:07:26;DarkWarrior;Warp Gate;;;;;;;;;;;;;;;;
Warp Gate 5;;Building;Building:30;00:07:27;DarkWarrior;Warp Gate;;;;;;;;;;;;;;;;
Pylon 8;;Building;Building:31;00:08:13;DarkWarrior;Pylon;;;;;;;;;;;;;;;;
Pylon 9;;Building;Building:32;00:08:14;DarkWarrior;Pylon;;;;;;;;;;;;;;;;
Pylon 10;;Building;Building:33;00:08:23;DarkWarrior;Pylon;;;;;;;;;;;;;;;;
Pylon 11;;Building;Building:34;00:08:23;DarkWarrior;Pylon;;;;;;;;;;;;;;;;
Assimilator 4;;Building;Building:35;00:08:25;DarkWarrior;Assimilator;;;;;;;;;;;;;;;;
Pylon 12;;Building;Building:36;00:08:26;DarkWarrior;Pylon;;;;;;;;;;;;;;;;
Assimilator 5;;Building;Building:37;00:08:40;DarkWarrior;Assimilator;;;;;;;;;;;;;;;;
Photon Cannon 4;;Building;Building:38;00:08:41;DarkWarrior;Photon Cannon;;;;;;;;;;;;;;;;
Templar Archive;;Building;Building:39;00:08:45;DarkWarrior;Templar Archive;;;;;;;;;;;;;;;;
Pylon 13;;Building;Building:40;00:08:51;DarkWarrior;Pylon;;;;;;;;;;;;;;;;
Pylon 14;;Building;Building:41;00:08:53;DarkWarrior;Pylon;;;;;;;;;;;;;;;;
Pylon 15;;Building;Building:42;00:09:00;DarkWarrior;Pylon;;;;;;;;;;;;;;;;
Forge 1;;Building;Building:43;00:09:13;DarkWarrior;Forge;;;;;;;;;;;;;;;;
Pylon 16;;Building;Building:44;00:09:20;DarkWarrior;Pylon;;;;;;;;;;;;;;;;
Pylon 17;;Building;Building:45;00:09:22;DarkWarrior;Pylon;;;;;;;;;;;;;;;;
Photon Cannon 5;;Building;Building:46;00:09:37;DarkWarrior;Photon Cannon;;;;;;;;;;;;;;;;
4th base 1;;Building;Building:47;00:09:42;DarkWarrior;4th base;;;;;;;;;;;;;;;;
Photon Cannon 6;;Building;Building:48;00:09:48;DarkWarrior;Photon Cannon;;;;;;;;;;;;;;;;
Photon Cannon 7;;Building;Building:49;00:09:50;DarkWarrior;Photon Cannon;;;;;;;;;;;;;;;;
Warp Gate 6;;Building;Building:50;00:09:59;DarkWarrior;Warp Gate;;;;;;;;;;;;;;;;
Warp Gate 7;;Building;Building:51;00:10:00;DarkWarrior;Warp Gate;;;;;;;;;;;;;;;;
Photon Cannon 8;;Building;Building:52;00:10:21;DarkWarrior;Photon Cannon;;;;;;;;;;;;;;;;
Robotics Bay;;Building;Building:53;00:10:40;DarkWarrior;Robotics Bay;;;;;;;;;;;;;;;;
Extractor;;Building;Building:54;00:01:33;Ultraman;Extractor;;;;;;;;;;;;;;;;
Natural;;Building;Building:55;00:02:01;Ultraman;Natural;;;;;;;;;;;;;;;;
Spawning Pool;;Building;Building:56;00:02:01;Ultraman;Spawning Pool;;;;;;;;;;;;;;;;
3rd base;;Building;Building:57;00:03:55;Ultraman;3rd base;;;;;;;;;;;;;;;;
Evolution Chamber;;Building;Building:58;00:04:56;Ultraman;Evolution Chamber;;;;;;;;;;;;;;;;
Spore Crawler;;Building;Building:59;00:05:12;Ultraman;Spore Crawler;;;;;;;;;;;;;;;;
Spore Crawler 1;;Building;Building:60;00:05:15;Ultraman;Spore Crawler;;;;;;;;;;;;;;;;
Spore Crawler 2;;Building;Building:61;00:05:17;Ultraman;Spore Crawler;;;;;;;;;;;;;;;;
4th base;;Building;Building:62;00:05:30;Ultraman;4th base;;;;;;;;;;;;;;;;
Extractor 1;;Building;Building:63;00:05:32;Ultraman;Extractor;;;;;;;;;;;;;;;;
Extractor 2;;Building;Building:64;00:05:43;Ultraman;Extractor;;;;;;;;;;;;;;;;
Extractor 3;;Building;Building:65;00:05:44;Ultraman;Extractor;;;;;;;;;;;;;;;;
Evolution Chamber 1;;Building;Building:66;00:05:44;Ultraman;Evolution Chamber;;;;;;;;;;;;;;;;
Extractor 4;;Building;Building:67;00:05:52;Ultraman;Extractor;;;;;;;;;;;;;;;;
Extractor 5;;Building;Building:68;00:05:53;Ultraman;Extractor;;;;;;;;;;;;;;;;
Roach Warren;;Building;Building:69;00:06:03;Ultraman;Roach Warren;;;;;;;;;;;;;;;;
Spore Crawler 3;;Building;Building:70;00:06:28;Ultraman;Spore Crawler;;;;;;;;;;;;;;;;
Extractor 6;;Building;Building:71;00:06:41;Ultraman;Extractor;;;;;;;;;;;;;;;;
Extractor 7;;Building;Building:72;00:06:42;Ultraman;Extractor;;;;;;;;;;;;;;;;
Baneling Nest;;Building;Building:73;00:07:00;Ultraman;Baneling Nest;;;;;;;;;;;;;;;;
Spire;;Building;Building:74;00:07:23;Ultraman;Spire;;;;;;;;;;;;;;;;
5th base;;Building;Building:75;00:07:27;Ultraman;5th base;;;;;;;;;;;;;;;;
6th base;;Building;Building:76;00:08:34;Ultraman;6th base;;;;;;;;;;;;;;;;
Spore Crawler 4;;Building;Building:77;00:08:42;Ultraman;Spore Crawler;;;;;;;;;;;;;;;;
Infestation Pit;;Building;Building:78;00:08:48;Ultraman;Infestation Pit;;;;;;;;;;;;;;;;
Hatchery;;Building;Building:79;00:09:12;Ultraman;Hatchery;;;;;;;;;;;;;;;;
Extractor 8;;Building;Building:80;00:09:48;Ultraman;Extractor;;;;;;;;;;;;;;;;
7th base;;Building;Building:81;00:10:23;Ultraman;7th base;;;;;;;;;;;;;;;;
Probe;Probe completed by DarkWarrior in last 10s from 00:00:10;Units;Units:1;00:00:10;DarkWarrior;Probe;1;1;;;;;;;;;;;;;;
Probe;Probe completed by DarkWarrior in last 10s from 00:00:20;Units;Units:2;00:00:20;DarkWarrior;Probe;1;1;;;;;;;;;;;;;;
Probe;Probe completed by DarkWarrior in last 10s from 00:00:40;Units;Units:3;00:00:40;DarkWarrior;Probe;1;1;;;;;;;;;;;;;;
Probe;Probe completed by DarkWarrior in last 10s from 00:00:50;Units;Units:4;00:00:50;DarkWarrior;Probe;1;1;;;;;;;;;;;;;;
Probe;Probe completed by DarkWarrior in last 10s from 00:01:00;Units;Units:5;00:01:00;DarkWarrior;Probe;1;1;;;;;;;;;;;;;;
Probe;Probe completed by DarkWarrior in last 10s from 00:01:10;Units;Units:6;00:01:10;DarkWarrior;Probe;1;1;;;;;;;;;;;;;;
2 Probes;2 Probes completed by DarkWarrior in last 10s from 00:01:20;Units;Units:7;00:01:20;DarkWarrior;Probe;2;2;;;;;;;;;;;;;;
Probe;Probe completed by DarkWarrior in last 10s from 00:01:40;Units;Units:8;00:01:40;DarkWarrior;Probe;1;1;;;;;;;;;;;;;;
Probe;Probe completed by DarkWarrior in last 10s from 00:01:50;Units;Units:9;00:01:50;DarkWarrior;Probe;1;1;;;;;;;;;;;;;;
Probe;Probe completed by DarkWarrior in last 10s from 00:02:10;Units;Units:10;00:02:10;DarkWarrior;Probe;1;1;;;;;;;;;;;;;;
Probe;Probe completed by DarkWarrior in last 10s from 00:02:30;Units;Units:11;00:02:30;DarkWarrior;Probe;1;1;;;;;;;;;;;;;;
Stalker;Stalker completed by DarkWarrior in last 10s from 00:02:40;Units;Units:12;00:02:40;DarkWarrior;Stalker;1;2;;;;;;;;;;;;;;
Probe;Probe completed by DarkWarrior in last 10s from 00:02:40;Units;Units:13;00:02:40;DarkWarrior;Probe;1;1;;;;;;;;;;;;;;
ShieldBattery;ShieldBattery completed by DarkWarrior in last 10s from 00:02:50;Units;Units:14;00:02:50;DarkWarrior;ShieldBattery;1;0;;;;;;;;;;;;;;
2 Probes;2 Probes completed by DarkWarrior in last 10s from 00:03:00;Units;Units:15;00:03:00;DarkWarrior;Probe;2;2;;;;;;;;;;;;;;
2 Probes;2 Probes completed by DarkWarrior in last 10s from 00:03:10;Units;Units:16;00:03:10;DarkWarrior;Probe;2;2;;;;;;;;;;;;;;
2 Probes;2 Probes completed by DarkWarrior in last 10s from 00:03:20;Units;Units:17;00:03:20;DarkWarrior;Probe;2;2;;;;;;;;;;;;;;
Probe;Probe completed by DarkWarrior in last 10s from 00:03:30;Units;Units:18;00:03:30;DarkWarrior;Probe;1;1;;;;;;;;;;;;;;
Probe;Probe completed by DarkWarrior in last 10s from 00:03:40;Units;Units:19;00:03:40;DarkWarrior;Probe;1;1;;;;;;;;;;;;;;
2 Probes;2 Probes completed by DarkWarrior in last 10s from 00:03:50;Units;Units:20;00:03:50;DarkWarrior;Probe;2;2;;;;;;;;;;;;;;
Sentry;Sentry completed by DarkWarrior in last 10s from 00:03:50;Units;Units:21;00:03:50;DarkWarrior;Sentry;1;2;;;;;;;;;;;;;;
VoidRay;VoidRay completed by DarkWarrior in last 10s from 00:03:50;Units;Units:22;00:03:50;DarkWarrior;VoidRay;1;4;;;;;;;;;;;;;;
2 Probes;2 Probes completed by DarkWarrior in last 10s from 00:04:00;Units;Units:23;00:04:00;DarkWarrior;Probe;2;2;;;;;;;;;;;;;;
2 Probes;2 Probes completed by DarkWarrior in last 10s from 00:04:10;Units;Units:24;00:04:10;DarkWarrior;Probe;2;2;;;;;;;;;;;;;;
3 Probes;3 Probes completed by DarkWarrior in last 10s from 00:04:20;Units;Units:25;00:04:20;DarkWarrior;Probe;3;3;;;;;;;;;;;;;;
Phoenix;Phoenix completed by DarkWarrior in last 10s from 00:04:40;Units;Units:26;00:04:40;DarkWarrior;Phoenix;1;2;;;;;;;;;;;;;;
2 Probes;2 Probes completed by DarkWarrior in last 10s from 00:04:40;Units;Units:27;00:04:40;DarkWarrior;Probe;2;2;;;;;;;;;;;;;;
2 Probes;2 Probes completed by DarkWarrior in last 10s from 00:04:50;Units;Units:28;00:04:50;DarkWarrior;Probe;2;2;;;;;;;;;;;;;;
3 Probes;3 Probes completed by DarkWarrior in last 10s from 00:05:00;Units;Units:29;00:05:00;DarkWarrior;Probe;3;3;;;;;;;;;;;;;;
Probe;Probe completed by DarkWarrior in last 10s from 00:05:10;Units;Units:30;00:05:10;DarkWarrior;Probe;1;1;;;;;;;;;;;;;;
2 Probes;2 Probes completed by DarkWarrior in last 10s from 00:05:20;Units;Units:31;00:05:20;DarkWarrior;Probe;2;2;;;;;;;;;;;;;;
ShieldBattery;ShieldBattery completed by DarkWarrior in last 10s from 00:05:20;Units;Units:32;00:05:20;DarkWarrior;ShieldBattery;1;0;;;;;;;;;;;;;;
Immortal;Immortal completed by DarkWarrior in last 10s from 00:05:20;Units;Units:33;00:05:20;DarkWarrior;Immortal;1;4;;;;;;;;;;;;;;
Probe;Probe completed by DarkWarrior in last 10s from 00:05:30;Units;Units:34;00:05:30;DarkWarrior;Probe;1;1;;;;;;;;;;;;;;
2 Probes;2 Probes completed by DarkWarrior in last 10s from 00:05:40;Units;Units:35;00:05:40;DarkWarrior;Probe;2;2;;;;;;;;;;;;;;
Immortal;Immortal completed by DarkWarrior in last 10s from 00:05:40;Units;Units:36;00:05:40;DarkWarrior;Immortal;1;4;;;;;;;;;;;;;;
2 Probes;2 Probes completed by DarkWarrior in last 10s from 00:05:50;Units;Units:37;00:05:50;DarkWarrior;Probe;2;2;;;;;;;;;;;;;;
Immortal;Immortal completed by DarkWarrior in last 10s from 00:06:10;Units;Units:38;00:06:10;DarkWarrior;Immortal;1;4;;;;;;;;;;;;;;
ShieldBattery;ShieldBattery completed by DarkWarrior in last 10s from 00:06:20;Units;Units:39;00:06:20;DarkWarrior;ShieldBattery;1;0;;;;;;;;;;;;;;
4 Zealots;4 Zealots completed by DarkWarrior in last 10s from 00:06:20;Units;Units:40;00:06:20;DarkWarrior;Zealot;4;8;;;;;;;;;;;;;;
VoidRay;VoidRay completed by DarkWarrior in last 10s from 00:06:20;Units;Units:41;00:06:20;DarkWarrior;VoidRay;1;4;;;;;;;;;;;;;;
Immortal;Immortal completed by DarkWarrior in last 10s from 00:06:30;Units;Units:42;00:06:30;DarkWarrior;Immortal;1;4;;;;;;;;;;;;;;
ShieldBattery;ShieldBattery completed by DarkWarrior in last 10s from 00:06:40;Units;Units:43;00:06:40;DarkWarrior;ShieldBattery;1;0;;;;;;;;;;;;;;
2 Probes;2 Probes completed by DarkWarrior in last 10s from 00:06:50;Units;Units:44;00:06:50;DarkWarrior;Probe;2;2;;;;;;;;;;;;;;
ChangelingZealot;ChangelingZealot completed by DarkWarrior in last 10s from 00:06:50;Units;Units:45;00:06:50;DarkWarrior;ChangelingZealot;1;0;;;;;;;;;;;;;;
3 Zealots;3 Zealots completed by DarkWarrior in last 10s from 00:06:50;Units;Units:46;00:06:50;DarkWarrior;Zealot;3;6;;;;;;;;;;;;;;
3 Probes;3 Probes completed by DarkWarrior in last 10s from 00:07:00;Units;Units:47;00:07:00;DarkWarrior;Probe;3;3;;;;;;;;;;;;;;
3 Stalkers;3 Stalkers completed by DarkWarrior in last 10s from 00:07:30;Units;Units:48;00:07:30;DarkWarrior;Stalker;3;6;;;;;;;;;;;;;;
3 Probes;3 Probes completed by DarkWarrior in last 10s from 00:07:30;Units;Units:49;00:07:30;DarkWarrior;Probe;3;3;;;;;;;;;;;;;;
2 Probes;2 Probes completed by DarkWarrior in last 10s from 00:07:40;Units;Units:50;00:07:40;DarkWarrior;Probe;2;2;;;;;;;;;;;;;;
Probe;Probe completed by DarkWarrior in last 10s from 00:07:50;Units;Units:51;00:07:50;DarkWarrior;Probe;1;1;;;;;;;;;;;;;;
Zealot;Zealot completed by DarkWarrior in last 10s from 00:07:50;Units;Units:52;00:07:50;DarkWarrior;Zealot;1;2;;;;;;;;;;;;;;
Probe;Probe completed by DarkWarrior in last 10s from 00:08:00;Units;Units:53;00:08:00;DarkWarrior;Probe;1;1;;;;;;;;;;;;;;
2 Immortals;2 Immortals completed by DarkWarrior in last 10s from 00:08:00;Units;Units:54;00:08:00;DarkWarrior;Immortal;2;8;;;;;;;;;;;;;;
4 Stalkers;4 Stalkers completed by DarkWarrior in last 10s from 00:08:20;Units;Units:55;00:08:20;DarkWarrior;Stalker;4;8;;;;;;;;;;;;;;
2 Zealots;2 Zealots completed by DarkWarrior in last 10s from 00:08:30;Units;Units:56;00:08:30;DarkWarrior;Zealot;2;4;;;;;;;;;;;;;;
Zealot;Zealot completed by DarkWarrior in last 10s from 00:08:50;Units;Units:57;00:08:50;DarkWarrior;Zealot;1;2;;;;;;;;;;;;;;
2 Immortals;2 Immortals completed by DarkWarrior in last 10s from 00:08:50;Units;Units:58;00:08:50;DarkWarrior;Immortal;2;8;;;;;;;;;;;;;;
4 HighTemplars;4 HighTemplars completed by DarkWarrior in last 10s from 00:09:10;Units;Units:59;00:09:10;DarkWarrior;HighTemplar;4;8;;;;;;;;;;;;;;
ChangelingZealot;ChangelingZealot completed by DarkWarrior in last 10s from 00:09:10;Units;Units:60;00:09:10;DarkWarrior;ChangelingZealot;1;0;;;;;;;;;;;;;;
VoidRay;VoidRay completed by DarkWarrior in last 10s from 00:09:20;Units;Units:61;00:09:20;DarkWarrior;VoidRay;1;4;;;;;;;;;;;;;;
2 Archons;2 Archons completed by DarkWarrior in last 10s from 00:09:20;Units;Units:62;00:09:20;DarkWarrior;Archon;2;8;;;;;;;;;;;;;;
ShieldBattery;ShieldBattery completed by DarkWarrior in last 10s from 00:09:40;Units;Units:63;00:09:40;DarkWarrior;ShieldBattery;1;0;;;;;;;;;;;;;;
Zealot;Zealot completed by DarkWarrior in last 10s from 00:09:40;Units;Units:64;00:09:40;DarkWarrior;Zealot;1;2;;;;;;;;;;;;;;
5 Zealots;5 Zealots completed by DarkWarrior in last 10s from 00:09:50;Units;Units:65;00:09:50;DarkWarrior;Zealot;5;10;;;;;;;;;;;;;;
2 ShieldBatterys;2 ShieldBatterys completed by DarkWarrior in last 10s from 00:09:50;Units;Units:66;00:09:50;DarkWarrior;ShieldBattery;2;0;;;;;;;;;;;;;;
2 Zealots;2 Zealots completed by DarkWarrior in last 10s from 00:10:10;Units;Units:67;00:10:10;DarkWarrior;Zealot;2;4;;;;;;;;;;;;;;
5 Stalkers;5 Stalkers completed by DarkWarrior in last 10s from 00:10:10;Units;Units:68;00:10:10;DarkWarrior;Stalker;5;10;;;;;;;;;;;;;;
Probe;Probe completed by DarkWarrior in last 10s from 00:10:40;Units;Units:69;00:10:40;DarkWarrior;Probe;1;1;;;;;;;;;;;;;;
6 HighTemplars;6 HighTemplars completed by DarkWarrior in last 10s from 00:10:40;Units;Units:70;00:10:40;DarkWarrior;HighTemplar;6;12;;;;;;;;;;;;;;
3 Archons;3 Archons completed by DarkWarrior in last 10s from 00:10:50;Units;Units:71;00:10:50;DarkWarrior;Archon;3;12;;;;;;;;;;;;;;
2 Immortals;2 Immortals completed by DarkWarrior in last 10s from 00:11:00;Units;Units:72;00:11:00;DarkWarrior;Immortal;2;8;;;;;;;;;;;;;;
Drone;Drone completed by Ultraman in last 10s from 00:00:10;Units;Units:73;00:00:10;Ultraman;Drone;1;1;;;;;;;;;;;;;;
Drone;Drone completed by Ultraman in last 10s from 00:00:30;Units;Units:74;00:00:30;Ultraman;Drone;1;1;;;;;;;;;;;;;;
Overseer;Overseer completed by Ultraman in last 10s from 00:00:30;Units;Units:75;00:00:30;Ultraman;Overseer;1;0;;;;;;;;;;;;;;
2 Drones;2 Drones completed by Ultraman in last 10s from 00:00:40;Units;Units:76;00:00:40;Ultraman;Drone;2;2;;;;;;;;;;;;;;
3 Drones;3 Drones completed by Ultraman in last 10s from 00:01:10;Units;Units:77;00:01:10;Ultraman;Drone;3;3;;;;;;;;;;;;;;
2 Drones;2 Drones completed by Ultraman in last 10s from 00:01:30;Units;Units:78;00:01:30;Ultraman;Drone;2;2;;;;;;;;;;;;;;
Drone;Drone completed by Ultraman in last 10s from 00:01:40;Units;Units:79;00:01:40;Ultraman;Drone;1;1;;;;;;;;;;;;;;
Drone;Drone completed by Ultraman in last 10s from 00:01:50;Units;Units:80;00:01:50;Ultraman;Drone;1;1;;;;;;;;;;;;;;
Overlord;Overlord completed by Ultraman in last 10s from 00:02:10;Units;Units:81;00:02:10;Ultraman;Overlord;1;0;;;;;;;;;;;;;;
4 Zerglings;4 Zerglings completed by Ultraman in last 10s from 00:02:20;Units;Units:82;00:02:20;Ultraman;Zergling;4;2.0;;;;;;;;;;;;;;
Drone;Drone completed by Ultraman in last 10s from 00:02:20;Units;Units:83;00:02:20;Ultraman;Drone;1;1;;;;;;;;;;;;;;
Drone;Drone completed by Ultraman in last 10s from 00:02:30;Units;Units:84;00:02:30;Ultraman;Drone;1;1;;;;;;;;;;;;;;
2 Drones;2 Drones completed by Ultraman in last 10s from 00:02:40;Units;Units:85;00:02:40;Ultraman;Drone;2;2;;;;;;;;;;;;;;
2 Queens;2 Queens completed by Ultraman in last 10s from 00:02:40;Units;Units:86;00:02:40;Ultraman;Queen;2;4;;;;;;;;;;;;;;
2 Drones;2 Drones completed by Ultraman in last 10s from 00:02:50;Units;Units:87;00:02:50;Ultraman;Drone;2;2;;;;;;;;;;;;;;
Overlord;Overlord completed by Ultraman in last 10s from 00:03:10;Units;Units:88;00:03:10;Ultraman;Overlord;1;0;;;;;;;;;;;;;;
3 Drones;3 Drones completed by Ultraman in last 10s from 00:03:10;Units;Units:89;00:03:10;Ultraman;Drone;3;3;;;;;;;;;;;;;;
2 Drones;2 Drones completed by Ultraman in last 10s from 00:03:20;Units;Units:90;00:03:20;Ultraman;Drone;2;2;;;;;;;;;;;;;;
Queen;Queen completed by Ultraman in last 10s from 00:03:30;Units;Units:91;00:03:30;Ultraman;Queen;1;2;;;;;;;;;;;;;;
3 Drones;3 Drones completed by Ultraman in last 10s from 00:03:30;Units;Units:92;00:03:30;Ultraman;Drone;3;3;;;;;;;;;;;;;;
Overlord;Overlord completed by Ultraman in last 10s from 00:03:40;Units;Units:93;00:03:40;Ultraman;Overlord;1;0;;;;;;;;;;;;;;
3 Drones;3 Drones completed by Ultraman in last 10s from 00:03:50;Units;Units:94;00:03:50;Ultraman;Drone;3;3;;;;;;;;;;;;;;
Queen;Queen completed by Ultraman in last 10s from 00:03:50;Units;Units:95;00:03:50;Ultraman;Queen;1;2;;;;;;;;;;;;;;
Overlord;Overlord completed by Ultraman in last 10s from 00:03:50;Units;Units:96;00:03:50;Ultraman;Overlord;1;0;;;;;;;;;;;;;;
3 Drones;3 Drones completed by Ultraman in last 10s from 00:04:00;Units;Units:97;00:04:00;Ultraman;Drone;3;3;;;;;;;;;;;;;;
Overlord;Overlord completed by Ultraman in last 10s from 00:04:00;Units;Units:98;00:04:00;Ultraman;Overlord;1;0;;;;;;;;;;;;;;
Queen;Queen completed by Ultraman in last 10s from 00:04:10;Units;Units:99;00:04:10;Ultraman;Queen;1;2;;;;;;;;;;;;;;
2 Drones;2 Drones completed by Ultraman in last 10s from 00:04:20;Units;Units:100;00:04:20;Ultraman;Drone;2;2;;;;;;;;;;;;;;
7 Drones;7 Drones completed by Ultraman in last 10s from 00:04:30;Units;Units:101;00:04:30;Ultraman;Drone;7;7;;;;;;;;;;;;;;
2 Overlords;2 Overlords completed by Ultraman in last 10s from 00:04:30;Units;Units:102;00:04:30;Ultraman;Overlord;2;0;;;;;;;;;;;;;;
3 Drones;3 Drones completed by Ultraman in last 10s from 00:04:40;Units;Units:103;00:04:40;Ultraman;Drone;3;3;;;;;;;;;;;;;;
Overlord;Overlord completed by Ultraman in last 10s from 00:04:50;Units;Units:104;00:04:50;Ultraman;Overlord;1;0;;;;;;;;;;;;;;
2 Drones;2 Drones completed by Ultraman in last 10s from 00:04:50;Units;Units:105;00:04:50;Ultraman;Drone;2;2;;;;;;;;;;;;;;
Queen;Queen completed by Ultraman in last 10s from 00:04:50;Units;Units:106;00:04:50;Ultraman;Queen;1;2;;;;;;;;;;;;;;
3 Drones;3 Drones completed by Ultraman in last 10s from 00:05:00;Units;Units:107;00:05:00;Ultraman;Drone;3;3;;;;;;;;;;;;;;
Overlord;Overlord completed by Ultraman in last 10s from 00:05:00;Units;Units:108;00:05:00;Ultraman;Overlord;1;0;;;;;;;;;;;;;;
3 Drones;3 Drones completed by Ultraman in last 10s from 00:05:10;Units;Units:109;00:05:10;Ultraman;Drone;3;3;;;;;;;;;;;;;;
Overlord;Overlord completed by Ultraman in last 10s from 00:05:20;Units;Units:110;00:05:20;Ultraman;Overlord;1;0;;;;;;;;;;;;;;
4 Drones;4 Drones completed by Ultraman in last 10s from 00:05:20;Units;Units:111;00:05:20;Ultraman;Drone;4;4;;;;;;;;;;;;;;
8 Drones;8 Drones completed by Ultraman in last 10s from 00:05:30;Units;Units:112;00:05:30;Ultraman;Drone;8;8;;;;;;;;;;;;;;
4 Drones;4 Drones completed by Ultraman in last 10s from 00:05:40;Units;Units:113;00:05:40;Ultraman;Drone;4;4;;;;;;;;;;;;;;
6 Drones;6 Drones completed by Ultraman in last 10s from 00:05:50;Units;Units:114;00:05:50;Ultraman;Drone;6;6;;;;;;;;;;;;;;
2 Drones;2 Drones completed by Ultraman in last 10s from 00:06:00;Units;Units:115;00:06:00;Ultraman;Drone;2;2;;;;;;;;;;;;;;
10 Drones;10 Drones completed by Ultraman in last 10s from 00:06:10;Units;Units:116;00:06:10;Ultraman;Drone;10;10;;;;;;;;;;;;;;
2 Overlords;2 Overlords completed by Ultraman in last 10s from 00:06:10;Units;Units:117;00:06:10;Ultraman;Overlord;2;0;;;;;;;;;;;;;;
Drone;Drone completed by Ultraman in last 10s from 00:06:20;Units;Units:118;00:06:20;Ultraman;Drone;1;1;;;;;;;;;;;;;;
5 Drones;5 Drones completed by Ultraman in last 10s from 00:06:30;Units;Units:119;00:06:30;Ultraman;Drone;5;5;;;;;;;;;;;;;;
Drone;Drone completed by Ultraman in last 10s from 00:06:40;Units;Units:120;00:06:40;Ultraman;Drone;1;1;;;;;;;;;;;;;;
Changeling;Changeling completed by Ultraman in last 10s from 00:06:50;Units;Units:121;00:06:50;Ultraman;Changeling;1;0;;;;;;;;;;;;;;
12 Zerglings;12 Zerglings completed by Ultraman in last 10s from 00:06:50;Units;Units:122;00:06:50;Ultraman;Zergling;12;6.0;;;;;;;;;;;;;;
5 Roachs;5 Roachs completed by Ultraman in last 10s from 00:06:50;Units;Units:123;00:06:50;Ultraman;Roach;5;10;;;;;;;;;;;;;;
7 Zerglings;7 Zerglings completed by Ultraman in last 10s from 00:07:00;Units;Units:124;00:07:00;Ultraman;Zergling;7;3.5;;;;;;;;;;;;;;
3 Ravagers;3 Ravagers completed by Ultraman in last 10s from 00:07:00;Units;Units:125;00:07:00;Ultraman;Ravager;3;9;;;;;;;;;;;;;;
5 Banelings;5 Banelings completed by Ultraman in last 10s from 00:07:00;Units;Units:126;00:07:00;Ultraman;Baneling;5;2.5;;;;;;;;;;;;;;
Roach;Roach completed by Ultraman in last 10s from 00:07:10;Units;Units:127;00:07:10;Ultraman;Roach;1;2;;;;;;;;;;;;;;
4 Banelings;4 Banelings completed by Ultraman in last 10s from 00:07:10;Units;Units:128;00:07:10;Ultraman;Baneling;4;2.0;;;;;;;;;;;;;;
Ravager;Ravager completed by Ultraman in last 10s from 00:07:10;Units;Units:129;00:07:10;Ultraman;Ravager;1;3;;;;;;;;;;;;;;
3 Overlords;3 Overlords completed by Ultraman in last 10s from 00:07:10;Units;Units:130;00:07:10;Ultraman;Overlord;3;0;;;;;;;;;;;;;;
3 Banelings;3 Banelings completed by Ultraman in last 10s from 00:07:20;Units;Units:131;00:07:20;Ultraman;Baneling;3;1.5;;;;;;;;;;;;;;
3 Zerglings;3 Zerglings completed by Ultraman in last 10s from 00:07:20;Units;Units:132;00:07:20;Ultraman;Zergling;3;1.5;;;;;;;;;;;;;;
Ravager;Ravager completed by Ultraman in last 10s from 00:07:20;Units;Units:133;00:07:20;Ultraman;Ravager;1;3;;;;;;;;;;;;;;
6 Zerglings;6 Zerglings completed by Ultraman in last 10s from 00:07:30;Units;Units:134;00:07:30;Ultraman;Zergling;6;3.0;;;;;;;;;;;;;;
Roach;Roach completed by Ultraman in last 10s from 00:07:30;Units;Units:135;00:07:30;Ultraman;Roach;1;2;;;;;;;;;;;;;;
6 Zerglings;6 Zerglings completed by Ultraman in last 10s from 00:07:40;Units;Units:136;00:07:40;Ultraman;Zergling;6;3.0;;;;;;;;;;;;;;
2 Ravagers;2 Ravagers completed by Ultraman in last 10s from 00:07:40;Units;Units:137;00:07:40;Ultraman;Ravager;2;6;;;;;;;;;;;;;;
Overseer;Overseer completed by Ultraman in last 10s from 00:07:50;Units;Units:138;00:07:50;Ultraman;Overseer;1;0;;;;;;;;;;;;;;
4 Zerglings;4 Zerglings completed by Ultraman in last 10s from 00:07:50;Units;Units:139;00:07:50;Ultraman;Zergling;4;2.0;;;;;;;;;;;;;;
Overlord;Overlord completed by Ultraman in last 10s from 00:07:50;Units;Units:140;00:07:50;Ultraman;Overlord;1;0;;;;;;;;;;;;;;
6 Zerglings;6 Zerglings completed by Ultraman in last 10s from 00:08:00;Units;Units:141;00:08:00;Ultraman;Zergling;6;3.0;;;;;;;;;;;;;;
Roach;Roach completed by Ultraman in last 10s from 00:08:00;Units;Units:142;00:08:00;Ultraman;Roach;1;2;;;;;;;;;;;;;;
2 Overlords;2 Overlords completed by Ultraman in last 10s from 00:08:20;Units;Units:143;00:08:20;Ultraman;Overlord;2;0;;;;;;;;;;;;;;
Overseer;Overseer completed by Ultraman in last 10s from 00:08:20;Units;Units:144;00:08:20;Ultraman;Overseer;1;0;;;;;;;;;;;;;;
4 Zerglings;4 Zerglings completed by Ultraman in last 10s from 00:08:20;Units;Units:145;00:08:20;Ultraman;Zergling;4;2.0;;;;;;;;;;;;;;
3 Mutalisks;3 Mutalisks completed by Ultraman in last 10s from 00:08:30;Units;Units:146;00:08:30;Ultraman;Mutalisk;3;6;;;;;;;;;;;;;;
5 Drones;5 Drones completed by Ultraman in last 10s from 00:08:30;Units;Units:147;00:08:30;Ultraman;Drone;5;5;;;;;;;;;;;;;;
ExtractorRich;ExtractorRich completed by Ultraman in last 10s from 00:08:30;Units;Units:148;00:08:30;Ultraman;ExtractorRich;1;0;;;;;;;;;;;;;;
2 Zerglings;2 Zerglings completed by Ultraman in last 10s from 00:08:40;Units;Units:149;00:08:40;Ultraman;Zergling;2;1.0;;;;;;;;;;;;;;
4 Zerglings;4 Zerglings completed by Ultraman in last 10s from 00:08:50;Units;Units:150;00:08:50;Ultraman;Zergling;4;2.0;;;;;;;;;;;;;;
4 Zerglings;4 Zerglings completed by Ultraman in last 10s from 00:09:10;Units;Units:151;00:09:10;Ultraman;Zergling;4;2.0;;;;;;;;;;;;;;
Drone;Drone completed by Ultraman in last 10s from 00:09:10;Units;Units:152;00:09:10;Ultraman;Drone;1;1;;;;;;;;;;;;;;
Changeling;Changeling completed by Ultraman in last 10s from 00:09:10;Units;Units:153;00:09:10;Ultraman;Changeling;1;0;;;;;;;;;;;;;;
4 Mutalisks;4 Mutalisks completed by Ultraman in last 10s from 00:09:10;Units;Units:154;00:09:10;Ultraman;Mutalisk;4;8;;;;;;;;;;;;;;
18 Zerglings;18 Zerglings completed by Ultraman in last 10s from 00:09:20;Units;Units:155;00:09:20;Ultraman;Zergling;18;9.0;;;;;;;;;;;;;;
Mutalisk;Mutalisk completed by Ultraman in last 10s from 00:09:20;Units;Units:156;00:09:20;Ultraman;Mutalisk;1;2;;;;;;;;;;;;;;
2 Overlords;2 Overlords completed by Ultraman in last 10s from 00:09:30;Units;Units:157;00:09:30;Ultraman;Overlord;2;0;;;;;;;;;;;;;;
2 Zerglings;2 Zerglings completed by Ultraman in last 10s from 00:09:30;Units;Units:158;00:09:30;Ultraman;Zergling;2;1.0;;;;;;;;;;;;;;
2 Mutalisks;2 Mutalisks completed by Ultraman in last 10s from 00:09:30;Units;Units:159;00:09:30;Ultraman;Mutalisk;2;4;;;;;;;;;;;;;;
3 Drones;3 Drones completed by Ultraman in last 10s from 00:09:40;Units;Units:160;00:09:40;Ultraman;Drone;3;3;;;;;;;;;;;;;;
2 Mutalisks;2 Mutalisks completed by Ultraman in last 10s from 00:09:40;Units;Units:161;00:09:40;Ultraman;Mutalisk;2;4;;;;;;;;;;;;;;
2 Mutalisks;2 Mutalisks completed by Ultraman in last 10s from 00:09:50;Units;Units:162;00:09:50;Ultraman;Mutalisk;2;4;;;;;;;;;;;;;;
20 Zerglings;20 Zerglings completed by Ultraman in last 10s from 00:10:00;Units;Units:163;00:10:00;Ultraman;Zergling;20;10.0;;;;;;;;;;;;;;
3 Roachs;3 Roachs completed by Ultraman in last 10s from 00:10:00;Units;Units:164;00:10:00;Ultraman;Roach;3;6;;;;;;;;;;;;;;
6 Roachs;6 Roachs completed by Ultraman in last 10s from 00:10:10;Units;Units:165;00:10:10;Ultraman;Roach;6;12;;;;;;;;;;;;;;
8 Zerglings;8 Zerglings completed by Ultraman in last 10s from 00:10:10;Units;Units:166;00:10:10;Ultraman;Zergling;8;4.0;;;;;;;;;;;;;;
3 Roachs;3 Roachs completed by Ultraman in last 10s from 00:10:20;Units;Units:167;00:10:20;Ultraman;Roach;3;6;;;;;;;;;;;;;;
10 Zerglings;10 Zerglings completed by Ultraman in last 10s from 00:10:30;Units;Units:168;00:10:30;Ultraman;Zergling;10;5.0;;;;;;;;;;;;;;
3 Roachs;3 Roachs completed by Ultraman in last 10s from 00:10:30;Units;Units:169;00:10:30;Ultraman;Roach;3;6;;;;;;;;;;;;;;
12 Zerglings;12 Zerglings completed by Ultraman in last 10s from 00:10:40;Units;Units:170;00:10:40;Ultraman;Zergling;12;6.0;;;;;;;;;;;;;;
4 Roachs;4 Roachs completed by Ultraman in last 10s from 00:10:40;Units;Units:171;00:10:40;Ultraman;Roach;4;8;;;;;;;;;;;;;;
Roach;Roach completed by Ultraman in last 10s from 00:10:50;Units;Units:172;00:10:50;Ultraman;Roach;1;2;;;;;;;;;;;;;;
10 Zerglings;10 Zerglings completed by Ultraman in last 10s from 00:11:00;Units;Units:173;00:11:00;Ultraman;Zergling;10;5.0;;;;;;;;;;;;;;
3 Roachs;3 Roachs completed by Ultraman in last 10s from 00:11:00;Units;Units:174;00:11:00;Ultraman;Roach;3;6;;;;;;;;;;;;;;
00:01:04 DarkWarrior;DarkWarrior had these stats at 00:01:04:X_LDX_LDCurrent: 105m 0gX_LDRate: 783m 0gX_LDWork: 17X_LDArmy: 0m 0gX_LDEco: 1350m 0gX_LDTech: 0m 0g;Stats;Stats:1;00:01:04;DarkWarrior;105;0;783;0;17;0;0;1350;0;0;0;;;;;;
00:02:08 DarkWarrior;DarkWarrior had these stats at 00:02:08:X_LDX_LDCurrent: 65m 128gX_LDRate: 979m 156gX_LDWork: 23X_LDArmy: 0m 0gX_LDEco: 1725m 0gX_LDTech: 150m 0g;Stats;Stats:2;00:02:08;DarkWarrior;65;128;979;156;23;0;0;1725;0;150;0;;;;;;
00:03:12 DarkWarrior;DarkWarrior had these stats at 00:03:12:X_LDX_LDCurrent: 125m 186gX_LDRate: 1147m 335gX_LDWork: 28X_LDArmy: 125m 50gX_LDEco: 2550m 0gX_LDTech: 400m 0g;Stats;Stats:3;00:03:12;DarkWarrior;125;186;1147;335;28;125;50;2550;0;400;0;;;;;;
00:04:17 DarkWarrior;DarkWarrior had these stats at 00:04:17:X_LDX_LDCurrent: 155m 176gX_LDRate: 1483m 492gX_LDWork: 39X_LDArmy: 425m 300gX_LDEco: 3275m 0gX_LDTech: 700m 150g;Stats;Stats:4;00:04:17;DarkWarrior;155;176;1483;492;39;425;300;3275;0;700;150;;;;;;
00:05:21 DarkWarrior;DarkWarrior had these stats at 00:05:21:X_LDX_LDCurrent: 5m 496gX_LDRate: 1847m 470gX_LDWork: 51X_LDArmy: 700m 400gX_LDEco: 4175m 0gX_LDTech: 1100m 350g;Stats;Stats:5;00:05:21;DarkWarrior;5;496;1847;470;51;700;400;4175;0;1100;350;;;;;;
00:06:25 DarkWarrior;DarkWarrior had these stats at 00:06:25:X_LDX_LDCurrent: 225m 474gX_LDRate: 2603m 515gX_LDWork: 57X_LDArmy: 1900m 750gX_LDEco: 4875m 0gX_LDTech: 1800m 450g;Stats;Stats:6;00:06:25;DarkWarrior;225;474;2603;515;57;1900;750;4875;0;1800;450;;;;;;
00:07:30 DarkWarrior;DarkWarrior had these stats at 00:07:30:X_LDX_LDCurrent: 15m 440gX_LDRate: 2911m 470gX_LDWork: 62X_LDArmy: 1525m 450gX_LDEco: 5400m 0gX_LDTech: 2800m 450g;Stats;Stats:7;00:07:30;DarkWarrior;15;440;2911;470;62;1525;450;5400;0;2800;450;;;;;;
00:08:34 DarkWarrior;DarkWarrior had these stats at 00:08:34:X_LDX_LDCurrent: 145m 378gX_LDRate: 2659m 649gX_LDWork: 69X_LDArmy: 3250m 1000gX_LDEco: 6325m 0gX_LDTech: 2800m 450g;Stats;Stats:8;00:08:34;DarkWarrior;145;378;2659;649;69;3250;1000;6325;0;2800;450;;;;;;
00:09:38 DarkWarrior;DarkWarrior had these stats at 00:09:38:X_LDX_LDCurrent: 670m 460gX_LDRate: 2575m 761gX_LDWork: 67X_LDArmy: 4000m 1900gX_LDEco: 6700m 0gX_LDTech: 3500m 650g;Stats;Stats:9;00:09:38;DarkWarrior;670;460;2575;761;67;4000;1900;6700;0;3500;650;;;;;;
00:10:42 DarkWarrior;DarkWarrior had these stats at 00:10:42:X_LDX_LDCurrent: 735m 30gX_LDRate: 2015m 716gX_LDWork: 55X_LDArmy: 4300m 1900gX_LDEco: 6300m 0gX_LDTech: 3600m 800g;Stats;Stats:10;00:10:42;DarkWarrior;735;30;2015;716;55;4300;1900;6300;0;3600;800;;;;;;
00:01:04 Ultraman;Ultraman had these stats at 00:01:04:X_LDX_LDCurrent: 80m 0gX_LDRate: 867m 0gX_LDWork: 15X_LDArmy: 0m 0gX_LDEco: 1300m 0gX_LDTech: 0m 0g;Stats;Stats:11;00:01:04;Ultraman;80;0;867;0;15;0;0;1300;0;0;0;;;;;;
00:02:08 Ultraman;Ultraman had these stats at 00:02:08:X_LDX_LDCurrent: 170m 76gX_LDRate: 1007m 156gX_LDWork: 20X_LDArmy: 0m 0gX_LDEco: 1975m 0gX_LDTech: 250m 0g;Stats;Stats:12;00:02:08;Ultraman;170;76;1007;156;20;0;0;1975;0;250;0;;;;;;
00:03:12 Ultraman;Ultraman had these stats at 00:03:12:X_LDX_LDCurrent: 235m 60gX_LDRate: 1371m 67gX_LDWork: 28X_LDArmy: 400m 0gX_LDEco: 2575m 0gX_LDTech: 250m 0g;Stats;Stats:13;00:03:12;Ultraman;235;60;1371;67;28;400;0;2575;0;250;0;;;;;;
00:04:17 Ultraman;Ultraman had these stats at 00:04:17:X_LDX_LDCurrent: 160m 188gX_LDRate: 1875m 156gX_LDWork: 39X_LDArmy: 825m 0gX_LDEco: 3675m 0gX_LDTech: 250m 0g;Stats;Stats:14;00:04:17;Ultraman;160;188;1875;156;39;825;0;3675;0;250;0;;;;;;
00:05:21 Ultraman;Ultraman had these stats at 00:05:21:X_LDX_LDCurrent: 215m 164gX_LDRate: 2575m 156gX_LDWork: 52X_LDArmy: 975m 0gX_LDEco: 4725m 0gX_LDTech: 750m 0g;Stats;Stats:15;00:05:21;Ultraman;215;164;2575;156;52;975;0;4725;0;750;0;;;;;;
00:06:25 Ultraman;Ultraman had these stats at 00:06:25:X_LDX_LDCurrent: 390m 316gX_LDRate: 2967m 940gX_LDWork: 76X_LDArmy: 975m 0gX_LDEco: 6950m 0gX_LDTech: 1225m 100g;Stats;Stats:16;00:06:25;Ultraman;390;316;2967;940;76;975;0;6950;0;1225;100;;;;;;
00:07:30 Ultraman;Ultraman had these stats at 00:07:30:X_LDX_LDCurrent: 655m 289gX_LDRate: 2771m 963gX_LDWork: 79X_LDArmy: 1475m 175gX_LDEco: 7550m 0gX_LDTech: 1750m 350g;Stats;Stats:17;00:07:30;Ultraman;655;289;2771;963;79;1475;175;7550;0;1750;350;;;;;;
00:08:34 Ultraman;Ultraman had these stats at 00:08:34:X_LDX_LDCurrent: 920m 116gX_LDRate: 3023m 1007gX_LDWork: 77X_LDArmy: 3025m 1375gX_LDEco: 7950m 0gX_LDTech: 1625m 350g;Stats;Stats:18;00:08:34;Ultraman;920;116;3023;1007;77;3025;1375;7950;0;1625;350;;;;;;
00:09:38 Ultraman;Ultraman had these stats at 00:09:38:X_LDX_LDCurrent: 1470m 214gX_LDRate: 3135m 1343gX_LDWork: 79X_LDArmy: 2350m 1675gX_LDEco: 8950m 0gX_LDTech: 1900m 450g;Stats;Stats:19;00:09:38;Ultraman;1470;214;3135;1343;79;2350;1675;8950;0;1900;450;;;;;;
00:10:42 Ultraman;Ultraman had these stats at 00:10:42:X_LDX_LDCurrent: 1290m 900gX_LDRate: 2743m 1276gX_LDWork: 66X_LDArmy: 1950m 1425gX_LDEco: 7925m 0gX_LDTech: 2100m 600g;Stats;Stats:20;00:10:42;Ultraman;1290;900;2743;1276;66;1950;1425;7925;0;2100;600;;;;;;
